Body (HTML),Handle,Image Alt Text,Image Position,Image Src,Option1 Name,Option1 Value,Option2 Name,Option2 Value,Option3 Name,Option3 Value,Published,Tags,Type,Variant Barcode,Variant Compare At Price,Variant Fulfillment Service,Variant Grams,Variant Inventory Policy,Variant Inventory Qty,Variant Inventory Tracker,Variant Price,Variant Requires Shipping,Variant SKU,Variant Taxable,Vendor,title
"<h3><strong>FASHIONABLE BED COVERS<span> FOR ULTIMATE COMFORT AND QUALITY</span></strong></h3>
        <p><span>We all place our comfort at top priority, especially in the bedroom. At the close of a hectic daily routine, all we want is to snuggle in our comfortable bed.  Well, your bed can’t be the ultimate relaxation spot without a comfortable bedcover!</span></p>
        <h3><strong><span>LIE DOWN ON LUXURY DUVET</span></strong></h3>
        <p><span>This bed set is made of the most comfortable and soft fabric: microfiber cloth. With 100% satisfaction guarantee, we deliver our customers the finest quality bed covers that will redefine comfort.</span></p>
        <h3><strong><span>EXPERIENCE PREMIUM QUALITY BED COVERS</span></strong></h3>
        <p><span>Other materials make the bedcover sheets irritable after a time of use, but microfiber bed covers are exceptional. No matter how often you use it, it will feel comfy and new every time. Softness and strength come together in microfiber fabric to produce luxurious comfort and tough durability.</span></p>
        <h3><strong><span>USE AGAIN AND AGAIN</span></strong></h3>
        <p>Microfiber fabric worn-out and the colours, print and textile are guaranteed to work longer and remain intact. So, never lose your comfort with this Bohemian bedcover. With tender washing and line dry, you can use this bedcover with ultimate assurance.</p>
        <br />
        <h3><strong><span>BED SET INCLUDES:  1* DUVET COVER 2* PILLOWCASES</span></strong></h3>",toucan-duvet-cover-with-pillowcase-tropical-plant-pineapple-bedding-set-soft-flower-quilt-cover-wholesale,,1,https://ae01.alicdn.com/kf/HTB151HuSXXXXXaCXFXXq6xXFXXXY/BeddingOutlet-3-Pcs-Toucan-Duvet-Cover-With-Pillowcase-Tropical-Plant-Pineapple-Bedding-Set-Soft-Flower-Quilt.jpg,Size,Twin,,,,,TRUE,"tropical Duvet Cover Set, bedclothes, bedding sets, bed linen, Bedspread, bedcover, bed sheets, bedspread sets, luxury bedding sets","duvet cover, bedding sets",,98,manual,,deny,10,,78.5,,,,,Toucan Duvet Cover With Pillowcase Tropical Plant Pineapple Bedding Set Soft Flower Quilt Cover Wholesale
,toucan-duvet-cover-with-pillowcase-tropical-plant-pineapple-bedding-set-soft-flower-quilt-cover-wholesale,,2,https://ae01.alicdn.com/kf/HTB1D9y.ifNNTKJjSspfq6zXIFXaJ/BeddingOutlet-3-Pcs-Toucan-Duvet-Cover-With-Pillowcase-Tropical-Plant-Pineapple-Bedding-Set-Soft-Flower-Quilt.jpg,,Full,,,,,TRUE,,,,105.6,manual,,deny,10,,84.5,,,,,
,toucan-duvet-cover-with-pillowcase-tropical-plant-pineapple-bedding-set-soft-flower-quilt-cover-wholesale,,3,https://ae01.alicdn.com/kf/HTB1EQHCm3oQMeJjy1Xaq6ASsFXaG/BeddingOutlet-3-Pcs-Toucan-Duvet-Cover-With-Pillowcase-Tropical-Plant-Pineapple-Bedding-Set-Soft-Flower-Quilt.jpg,,Queen,,,,,TRUE,,,,111.9,manual,,deny,10,,89.5,,,,,
,toucan-duvet-cover-with-pillowcase-tropical-plant-pineapple-bedding-set-soft-flower-quilt-cover-wholesale,,4,https://ae01.alicdn.com/kf/HTB1L7vcaVTM8KJjSZFlq6yO8FXaU/BeddingOutlet-3-Pcs-Toucan-Duvet-Cover-With-Pillowcase-Tropical-Plant-Pineapple-Bedding-Set-Soft-Flower-Quilt.jpg,,King,,,,,TRUE,,,,123,manual,,deny,10,,98.5,,,,,
,toucan-duvet-cover-with-pillowcase-tropical-plant-pineapple-bedding-set-soft-flower-quilt-cover-wholesale,,5,https://ae01.alicdn.com/kf/HTB1UjDQsUQIL1JjSZFhq6yDZFXaH/BeddingOutlet-3-Pcs-Toucan-Duvet-Cover-With-Pillowcase-Tropical-Plant-Pineapple-Bedding-Set-Soft-Flower-Quilt.jpg,,California King,,,,,TRUE,,,,123,manual,,deny,10,,98.5,,,,,
,toucan-duvet-cover-with-pillowcase-tropical-plant-pineapple-bedding-set-soft-flower-quilt-cover-wholesale,,6,https://ae01.alicdn.com/kf/HTB1Z12Nm3MPMeJjy1Xbq6AwxVXae/BeddingOutlet-3-Pcs-Toucan-Duvet-Cover-With-Pillowcase-Tropical-Plant-Pineapple-Bedding-Set-Soft-Flower-Quilt.jpg,,,,,,,,,,,,,,,,,,,,,,
"<div>
            <h3><strong><span>UPGRADE YOUR LIFESTYLE WITH TRENDY BEDCOVER</span></strong></h3>
            <p><span>Trends change a lot with the passage of time. That’s why we make sure to bring you the trendiest fashionable bed covers.</span></p>
            <h3><strong><span>SLEEP IN AVANT-GARDE STYLE</span></strong></h3>
            <p><span>This bedding set has the most fascinating catchy look, with colourful artwork that leaves everyone staring in awe. Let your bed cover remind you to <em>laugh, live every moment</em> and <em>love beyond words</em>.</span></p>
            <h3><strong><span>UPDATE YOUR BEDROOM APPEAL</span></strong></h3>
            <p><span>Give your bedroom a supreme trendy look with this bed cover that reflects your stylish and happy-go-lucky lifestyle. Your exclusive tastes can only be satisfied with a unique microfiber bed cover like this one.</span></p>
            <h3><strong><span>MADE WITH 100% PURE AND SUPERIOR FABRIC</span></strong></h3>
            The quality of this bed cover is owed to the use of microfiber material. That’s what makes it not only good-looking, but also comfortable, soft, relaxing, and surprisingly long-lasting. We give 100% guarantee to our customers when it comes to quality and durability. This wrinkle-free and fade-resistant bed cover set is easy to use, easy to care for and easy to wash.
            <div>
                <br />
                <h3><strong><span>BED SET INCLUDES: 1* DUVET COVER 2* PILLOWCASES</span></strong></h3>
            </div>
            </div>",3-pieces-flying-butterflies-duvet-cover-set-butterfly-collection-bedding-set-hypoallergenic-soft-bed-cover-set,,1,https://ae01.alicdn.com/kf/HTB1hYFHSFXXXXavaXXXq6xXFXXXA/BeddingOutlet-3-Pieces-Flying-Butterflies-Duvet-Cover-Set-Butterfly-Collection-Bedding-Set-Hypoallergenic-Soft-Bed-Cover.jpg,Size,Twin,,,,,TRUE,"tropical Duvet Cover Set, bedclothes, bedding sets, bed linen, Bedspread, bedcover, bed sheets, bedspread sets, luxury bedding sets","duvet cover, bedding sets",,98,manual,,deny,10,,78.5,,,,,3 Pieces Flying Butterflies Duvet Cover Set Butterfly Collection Bedding Set Hypoallergenic Soft Bed Cover Set
,3-pieces-flying-butterflies-duvet-cover-set-butterfly-collection-bedding-set-hypoallergenic-soft-bed-cover-set,,2,https://ae01.alicdn.com/kf/HTB12BVanHsTMeJjSszgq6ycpFXaR/BeddingOutlet-3-Pieces-Flying-Butterflies-Duvet-Cover-Set-Butterfly-Collection-Bedding-Set-Hypoallergenic-Soft-Bed-Cover.jpg,,Full,,,,,TRUE,,,,105.6,manual,,deny,10,,84.5,,,,,
,3-pieces-flying-butterflies-duvet-cover-set-butterfly-collection-bedding-set-hypoallergenic-soft-bed-cover-set,,3,https://ae01.alicdn.com/kf/HTB1cPdnnHsTMeJjy1zcq6xAgXXay/BeddingOutlet-3-Pieces-Flying-Butterflies-Duvet-Cover-Set-Butterfly-Collection-Bedding-Set-Hypoallergenic-Soft-Bed-Cover.jpg,,Queen,,,,,TRUE,,,,111.9,manual,,deny,10,,89.5,,,,,
,3-pieces-flying-butterflies-duvet-cover-set-butterfly-collection-bedding-set-hypoallergenic-soft-bed-cover-set,,4,https://ae01.alicdn.com/kf/HTB1tgX1dN6I8KJjSszfq6yZVXXaq/BeddingOutlet-3-Pieces-Flying-Butterflies-Duvet-Cover-Set-Butterfly-Collection-Bedding-Set-Hypoallergenic-Soft-Bed-Cover.jpg,,King,,,,,TRUE,,,,123,manual,,deny,10,,98.5,,,,,
,3-pieces-flying-butterflies-duvet-cover-set-butterfly-collection-bedding-set-hypoallergenic-soft-bed-cover-set,,5,https://ae01.alicdn.com/kf/HTB1fltpnHsTMeJjy1zbq6AhlVXa4/BeddingOutlet-3-Pieces-Flying-Butterflies-Duvet-Cover-Set-Butterfly-Collection-Bedding-Set-Hypoallergenic-Soft-Bed-Cover.jpg,,California King,,,,,TRUE,,,,123,manual,,deny,10,,98.5,,,,,
,3-pieces-flying-butterflies-duvet-cover-set-butterfly-collection-bedding-set-hypoallergenic-soft-bed-cover-set,,6,https://ae01.alicdn.com/kf/HTB1gLUhjzuhSKJjSspjq6Ai8VXaJ/BeddingOutlet-3-Pieces-Flying-Butterflies-Duvet-Cover-Set-Butterfly-Collection-Bedding-Set-Hypoallergenic-Soft-Bed-Cover.jpg,,,,,,,,,,,,,,,,,,,,,,
"<h3><strong><span>SWEET BEDCOVER FOR YOUR SWEET DREAMS</span></strong></h3>
        <p><span>When anyone enters a bedroom, the first thing they notice is the bed. This is precisely why an aesthetic bed cover with gorgeous design is a must.</span></p>
        <h3><strong><span>A BEDCOVER YOU CAN’T TAKE YOUR EYES OFF</span></strong></h3>
        <p><span>With a remarkable cluster of brilliant colours and fancy artwork, this bed set highlights the impression of your bedroom in an exquisite manner. The impressive arrangement of sundry designs in catchy colors and pattern make it a magnificent view for all.</span></p>
        <h3><strong><span>SUPERIOR FABRIC QUALITY THAT YOU DESERVE</span></strong></h3>
        <p>Our premium quality bed covers are made of microfiber, and that’s what makes them special. Microfiber bed covers offer unmatched softness and durability. What makes this bed cover unique from the rest are its qualities of wrinkle and fade resistance. The 1 quilt cover and 2 matching pillowcases, all are made of 100% pure and premier microfiber for luxurious feel. You’ll never want to leave your bed!</p>
        <br />
        <h3><strong><span>BED SET INCLUDES: 1* DUVET COVER 2* PILLOWCASES</span></strong></h3>",flowers-bedding-set-leaves-duvet-cover-set-tropical-plants-home-textiles-3-piece-red-green-white-bedclothes,,1,https://ae01.alicdn.com/kf/HTB11Gssc56guuRjy0Fmq6y0DXXai/BeddingOutlet-Flowers-Bedding-Set-Leaves-Duvet-Cover-Set-Tropical-Plants-Home-Textiles-3-Piece-Red-Green.jpg,Size,Twin,,,,,TRUE,"tropical Duvet Cover Set, bedclothes, bedding sets, bed linen, Bedspread, bedcover, bed sheets, bedspread sets, luxury bedding sets","duvet cover, bedding sets",,98,manual,,deny,10,,78.5,,,,,Flowers Bedding Set Leaves Duvet Cover Set Tropical Plants Home Textiles 3-Piece Red Green White Bedclothes
,flowers-bedding-set-leaves-duvet-cover-set-tropical-plants-home-textiles-3-piece-red-green-white-bedclothes,,2,https://ae01.alicdn.com/kf/HTB19y8yBZyYBuNkSnfoq6AWgVXaX/BeddingOutlet-Flowers-Bedding-Set-Leaves-Duvet-Cover-Set-Tropical-Plants-Home-Textiles-3-Piece-Red-Green.jpg,,Full,,,,,TRUE,,,,105.6,manual,,deny,10,,84.5,,,,,
,flowers-bedding-set-leaves-duvet-cover-set-tropical-plants-home-textiles-3-piece-red-green-white-bedclothes,,3,https://ae01.alicdn.com/kf/HTB1dkDyriQnBKNjSZFmq6AApVXaG/BeddingOutlet-Flowers-Bedding-Set-Leaves-Duvet-Cover-Set-Tropical-Plants-Home-Textiles-3-Piece-Red-Green.jpg,,Queen,,,,,TRUE,,,,111.9,manual,,deny,10,,89.5,,,,,
,flowers-bedding-set-leaves-duvet-cover-set-tropical-plants-home-textiles-3-piece-red-green-white-bedclothes,,4,https://ae01.alicdn.com/kf/HTB11Sc.JVmWBuNjSspdq6zugXXap/BeddingOutlet-Flowers-Bedding-Set-Leaves-Duvet-Cover-Set-Tropical-Plants-Home-Textiles-3-Piece-Red-Green.jpg,,King,,,,,TRUE,,,,123,manual,,deny,10,,98.5,,,,,
,flowers-bedding-set-leaves-duvet-cover-set-tropical-plants-home-textiles-3-piece-red-green-white-bedclothes,,5,https://ae01.alicdn.com/kf/HTB1qGYoKf5TBuNjSspmq6yDRVXaq/BeddingOutlet-Flowers-Bedding-Set-Leaves-Duvet-Cover-Set-Tropical-Plants-Home-Textiles-3-Piece-Red-Green.jpg,,California King,,,,,TRUE,,,,123,manual,,deny,10,,98.5,,,,,
,flowers-bedding-set-leaves-duvet-cover-set-tropical-plants-home-textiles-3-piece-red-green-white-bedclothes,,6,https://ae01.alicdn.com/kf/HTB1vNaSB8yWBuNkSmFPq6xguVXar/BeddingOutlet-Flowers-Bedding-Set-Leaves-Duvet-Cover-Set-Tropical-Plants-Home-Textiles-3-Piece-Red-Green.jpg,,,,,,,,,,,,,,,,,,,,,,
"<h3><strong><span>SWEET BEDCOVER FOR YOUR SWEET DREAMS</span></strong></h3>
        <p><span>When anyone enters a bedroom, the first thing they notice is the bed. This is precisely why an aesthetic bed cover with gorgeous design is a must.</span></p>
        <h3><strong><span>A BEDCOVER YOU CAN’T TAKE YOUR EYES OFF</span></strong></h3>
        <p><span>With a remarkable cluster of brilliant colours and fancy artwork, this bed set highlights the impression of your bedroom in an exquisite manner. The impressive arrangement of sundry designs in catchy colors and pattern make it a magnificent view for all.</span></p>
        <h3><strong><span>SUPERIOR FABRIC QUALITY THAT YOU DESERVE</span></strong></h3>
        <p>Our premium quality bed covers are made of microfiber, and that’s what makes them special. Microfiber bed covers offer unmatched softness and durability. What makes this bed cover unique from the rest are its qualities of wrinkle and fade resistance. The 1 quilt cover and 2 matching pillowcases, all are made of 100% pure and premier microfiber for luxurious feel. You’ll never want to leave your bed!</p>
        <br />
        <h3><strong><span>BED SET INCLUDES: 1* DUVET COVER 2* PILLOWCASES</span></strong></h3>",green-succulents-3d-bedding-sets-duvet-cover-set-flower-plant-printed-3pcs-floral-bed-cover-size-home,,1,https://ae01.alicdn.com/kf/HTB1dgSqSFXXXXXDXXXXq6xXFXXXw/BeddingOutlet-Green-Succulents-3D-Bedding-Sets-Duvet-Cover-Set-Flower-Plant-Printed-3pcs-Floral-Bed-Cover.jpg,Size,Twin,,,,,TRUE,"tropical Duvet Cover Set, bedclothes, bedding sets, bed linen, Bedspread, bedcover, bed sheets, bedspread sets, luxury bedding sets","duvet cover, bedding sets",,98,manual,,deny,10,,78.5,,,,,Green Succulents 3D Bedding Sets Duvet Cover Set Flower Plant Printed 3pcs Floral Bed Cover Size Home
,green-succulents-3d-bedding-sets-duvet-cover-set-flower-plant-printed-3pcs-floral-bed-cover-size-home,,2,https://ae01.alicdn.com/kf/HTB1rTgQa8LN8KJjSZFpq6zZaVXae/BeddingOutlet-Green-Succulents-3D-Bedding-Sets-Duvet-Cover-Set-Flower-Plant-Printed-3pcs-Floral-Bed-Cover.jpg,,Full,,,,,TRUE,,,,105.6,manual,,deny,10,,84.5,,,,,
,green-succulents-3d-bedding-sets-duvet-cover-set-flower-plant-printed-3pcs-floral-bed-cover-size-home,,3,https://ae01.alicdn.com/kf/HTB1bbmGd_nI8KJjSszbq6z4KFXaS/BeddingOutlet-Green-Succulents-3D-Bedding-Sets-Duvet-Cover-Set-Flower-Plant-Printed-3pcs-Floral-Bed-Cover.jpg,,Queen,,,,,TRUE,,,,111.9,manual,,deny,10,,89.5,,,,,
,green-succulents-3d-bedding-sets-duvet-cover-set-flower-plant-printed-3pcs-floral-bed-cover-size-home,,4,https://ae01.alicdn.com/kf/HTB1PQMBakfb_uJkHFqDq6xVIVXaM/BeddingOutlet-Green-Succulents-3D-Bedding-Sets-Duvet-Cover-Set-Flower-Plant-Printed-3pcs-Floral-Bed-Cover.jpg,,King,,,,,TRUE,,,,123,manual,,deny,10,,98.5,,,,,
,green-succulents-3d-bedding-sets-duvet-cover-set-flower-plant-printed-3pcs-floral-bed-cover-size-home,,5,https://ae01.alicdn.com/kf/HTB1OYWBd8fH8KJjy1Xbq6zLdXXaa/BeddingOutlet-Green-Succulents-3D-Bedding-Sets-Duvet-Cover-Set-Flower-Plant-Printed-3pcs-Floral-Bed-Cover.jpg,,California King,,,,,TRUE,,,,123,manual,,deny,10,,98.5,,,,,
,green-succulents-3d-bedding-sets-duvet-cover-set-flower-plant-printed-3pcs-floral-bed-cover-size-home,,6,https://ae01.alicdn.com/kf/HTB1oH9Fd0zJ8KJjSspkq6zF7VXao/BeddingOutlet-Green-Succulents-3D-Bedding-Sets-Duvet-Cover-Set-Flower-Plant-Printed-3pcs-Floral-Bed-Cover.jpg,,,,,,,,,,,,,,,,,,,,,,
"<div>
            <h3><strong>QUALITY BEDCOVER<span> FOR YOUR BEDROOM.</span></strong></h3>
            <p><span>Are you worried about the quality of bedcovers because of your sensitive skin? The solution is here.</span></p>
            <h3><strong><span>THE BEST BED COVER FOR SENSITIVE SKIN.</span></strong></h3>
            <p><span>Our 100% microfiber bed cover is made of the finest material that caresses your skin with the most gentle and soft touch. Microfiber is the best fabric for sensitive skin which is prone to allergies or skin problems.</span></p>
            <h3><strong><span>ELEGANCE AND EXCELLENCE IN ONE BED COVER.</span></strong></h3>
            <p><span>This bedding set is designed to stand out in terms of aesthetics as well as class. Washing such printed bed covers is usually difficult because machines fade the colours and impair the quality. But, with this high-quality bedcover, you don’t need to worry about because its charm and quality will not fade away.</span></p>
            <h3><strong><span>FEELS GOOD AS NEW, EVERY SINGLE TIME.</span></strong></h3>
            <p><span>Microfiber cloth is specially chosen for our bed covers because it is wrinkle- and fade-resistant with 100% guarantee for enduring use. While other bed covers become rough, dull and threadbare over time, the Bohemian bed cover is threaded to perfection and stays that way for years.</span></p>
            But remember not to use bleach, wash it gently, and let it cool tumble and line dry for the long-lasting usage.</div>
        <div></div>
        <div>
            <h3><strong><span>BED SET INCLUDES:  1* DUVET COVER 2* PILLOWCASES</span></strong></h3>
        </div>",flamingo-bedding-set-tropical-plant-quilt-cover-size-home-bed-set-flower-print-pink-and-green-bedclothes-3pcs,,1,https://ae01.alicdn.com/kf/HTB1miO4SpXXXXbFXVXXq6xXFXXXu/BeddingOutlet-Flamingo-Bedding-Set-Tropical-Plant-Quilt-Cover-King-Size-Home-Bed-Set-Flower-Print-Pink.jpg,Size,Twin,,,,,TRUE,"tropical Duvet Cover Set, bedclothes, bedding sets, bed linen, Bedspread, bedcover, bed sheets, bedspread sets, luxury bedding sets","duvet cover, bedding sets",,98,manual,,deny,10,,78.5,,,,,Flamingo Bedding Set Tropical Plant Quilt Cover Size Home Bed Set Flower Print Pink and Green Bedclothes 3pcs
,flamingo-bedding-set-tropical-plant-quilt-cover-size-home-bed-set-flower-print-pink-and-green-bedclothes-3pcs,,2,https://ae01.alicdn.com/kf/HTB1_4jhczuhSKJjSspmq6AQDpXaI/BeddingOutlet-Flamingo-Bedding-Set-Tropical-Plant-Quilt-Cover-King-Size-Home-Bed-Set-Flower-Print-Pink.jpg,,Full,,,,,TRUE,,,,105.6,manual,,deny,10,,84.5,,,,,
,flamingo-bedding-set-tropical-plant-quilt-cover-size-home-bed-set-flower-print-pink-and-green-bedclothes-3pcs,,3,https://ae01.alicdn.com/kf/HTB1e5i2km3PL1JjSZFtq6AlRVXaW/BeddingOutlet-Flamingo-Bedding-Set-Tropical-Plant-Quilt-Cover-King-Size-Home-Bed-Set-Flower-Print-Pink.jpg,,Queen,,,,,TRUE,,,,111.9,manual,,deny,10,,89.5,,,,,
,flamingo-bedding-set-tropical-plant-quilt-cover-size-home-bed-set-flower-print-pink-and-green-bedclothes-3pcs,,4,https://ae01.alicdn.com/kf/HTB1shS8dDnI8KJjSszgq6A8ApXaT/BeddingOutlet-Flamingo-Bedding-Set-Tropical-Plant-Quilt-Cover-King-Size-Home-Bed-Set-Flower-Print-Pink.jpg,,King,,,,,TRUE,,,,123,manual,,deny,10,,98.5,,,,,
,flamingo-bedding-set-tropical-plant-quilt-cover-size-home-bed-set-flower-print-pink-and-green-bedclothes-3pcs,,5,https://ae01.alicdn.com/kf/HTB1fW.sbLBNTKJjSszeq6Au2VXaD/BeddingOutlet-Flamingo-Bedding-Set-Tropical-Plant-Quilt-Cover-King-Size-Home-Bed-Set-Flower-Print-Pink.jpg,,California King,,,,,TRUE,,,,123,manual,,deny,10,,98.5,,,,,
,flamingo-bedding-set-tropical-plant-quilt-cover-size-home-bed-set-flower-print-pink-and-green-bedclothes-3pcs,,6,https://ae01.alicdn.com/kf/HTB1DvTdcqagSKJjy0Fgq6ARqFXa7/BeddingOutlet-Flamingo-Bedding-Set-Tropical-Plant-Quilt-Cover-King-Size-Home-Bed-Set-Flower-Print-Pink.jpg,,,,,,,,,,,,,,,,,,,,,,
"<h3><strong><span>SWEET BEDCOVER FOR YOUR SWEET DREAMS</span></strong></h3>
        <p><span>When anyone enters a bedroom, the first thing they notice is the bed. This is precisely why an aesthetic bed cover with gorgeous design is a must.</span></p>
        <h3><strong><span>A BEDCOVER YOU CAN’T TAKE YOUR EYES OFF</span></strong></h3>
        <p><span>With a remarkable cluster of brilliant colours and fancy artwork, this bed set highlights the impression of your bedroom in an exquisite manner. The impressive arrangement of sundry designs in catchy colors and pattern make it a magnificent view for all.</span></p>
        <h3><strong><span>SUPERIOR FABRIC QUALITY THAT YOU DESERVE</span></strong></h3>
        <p>Our premium quality bed covers are made of microfiber, and that’s what makes them special. Microfiber bed covers offer unmatched softness and durability. What makes this bed cover unique from the rest are its qualities of wrinkle and fade resistance. The 1 quilt cover and 2 matching pillowcases, all are made of 100% pure and premier microfiber for luxurious feel. You’ll never want to leave your bed!</p>
        <br />
        <h3><strong><span>BED SET INCLUDES: 1* DUVET COVER 2* PILLOWCASES</span></strong></h3>",macaw-art-duvet-cover-set-3-pieces-bird-morning-glories-3d-vivid-animal-print-bedding-set-microfiber-bedclothes,,1,https://ae01.alicdn.com/kf/HTB1qwiXRVXXXXc_XpXXq6xXFXXXF/BeddingOutlet-Macaw-Art-Duvet-Cover-Set-3-Pieces-Bird-Morning-Glories-3D-Vivid-Animal-Print-Bedding.jpg,Size,Twin,,,,,TRUE,"tropical Duvet Cover Set, bedclothes, bedding sets, bed linen, Bedspread, bedcover, bed sheets, bedspread sets, luxury bedding sets","duvet cover, bedding sets",,98,manual,,deny,10,,78.5,,,,,Macaw Art Duvet Cover Set 3 Pieces Bird Morning Glories 3D Vivid Animal Print Bedding Set Microfiber Bedclothes
,macaw-art-duvet-cover-set-3-pieces-bird-morning-glories-3d-vivid-animal-print-bedding-set-microfiber-bedclothes,,2,https://ae01.alicdn.com/kf/HTB1R.kMnYsTMeJjSszdq6AEupXaM/BeddingOutlet-Macaw-Art-Duvet-Cover-Set-3-Pieces-Bird-Morning-Glories-3D-Vivid-Animal-Print-Bedding.jpg,,Full,,,,,TRUE,,,,105.6,manual,,deny,10,,84.5,,,,,
,macaw-art-duvet-cover-set-3-pieces-bird-morning-glories-3d-vivid-animal-print-bedding-set-microfiber-bedclothes,,3,https://ae01.alicdn.com/kf/HTB1qQlbolUSMeJjy1zjq6A0dXXaB/BeddingOutlet-Macaw-Art-Duvet-Cover-Set-3-Pieces-Bird-Morning-Glories-3D-Vivid-Animal-Print-Bedding.jpg,,Queen,,,,,TRUE,,,,111.9,manual,,deny,10,,89.5,,,,,
,macaw-art-duvet-cover-set-3-pieces-bird-morning-glories-3d-vivid-animal-print-bedding-set-microfiber-bedclothes,,4,https://ae01.alicdn.com/kf/HTB1WaGfdPnD8KJjSspbq6zbEXXaG/BeddingOutlet-Macaw-Art-Duvet-Cover-Set-3-Pieces-Bird-Morning-Glories-3D-Vivid-Animal-Print-Bedding.jpg,,King,,,,,TRUE,,,,123,manual,,deny,10,,98.5,,,,,
,macaw-art-duvet-cover-set-3-pieces-bird-morning-glories-3d-vivid-animal-print-bedding-set-microfiber-bedclothes,,5,https://ae01.alicdn.com/kf/HTB1YXtBobsTMeJjSszhq6AGCFXab/BeddingOutlet-Macaw-Art-Duvet-Cover-Set-3-Pieces-Bird-Morning-Glories-3D-Vivid-Animal-Print-Bedding.jpg,,California King,,,,,TRUE,,,,123,manual,,deny,10,,98.5,,,,,
,macaw-art-duvet-cover-set-3-pieces-bird-morning-glories-3d-vivid-animal-print-bedding-set-microfiber-bedclothes,,6,https://ae01.alicdn.com/kf/HTB1xb3OjfNNTKJjSspfq6zXIFXai/BeddingOutlet-Macaw-Art-Duvet-Cover-Set-3-Pieces-Bird-Morning-Glories-3D-Vivid-Animal-Print-Bedding.jpg,,,,,,,,,,,,,,,,,,,,,,
"<h3><strong><span>SWEET BEDCOVER FOR YOUR SWEET DREAMS</span></strong></h3>
        <p><span>When anyone enters a bedroom, the first thing they notice is the bed. This is precisely why an aesthetic bed cover with gorgeous design is a must.</span></p>
        <h3><strong><span>A BEDCOVER YOU CAN’T TAKE YOUR EYES OFF</span></strong></h3>
        <p><span>With a remarkable cluster of brilliant colours and fancy artwork, this bed set highlights the impression of your bedroom in an exquisite manner. The impressive arrangement of sundry designs in catchy colors and pattern make it a magnificent view for all.</span></p>
        <h3><strong><span>SUPERIOR FABRIC QUALITY THAT YOU DESERVE</span></strong></h3>
        <p>Our premium quality bed covers are made of microfiber, and that’s what makes them special. Microfiber bed covers offer unmatched softness and durability. What makes this bed cover unique from the rest are its qualities of wrinkle and fade resistance. The 1 quilt cover and 2 matching pillowcases, all are made of 100% pure and premier microfiber for luxurious feel. You’ll never want to leave your bed!</p>
        <br />
        <h3><strong><span>BED SET INCLUDES: 1* DUVET COVER 2* PILLOWCASES</span></strong></h3>",plant-bedding-set-france-tower-duvet-cover-set-leaf-leaves-bed-cover-yellow-and-green-bedclothes-3-piece,,1,https://ae01.alicdn.com/kf/HTB1L.DaqpuWBuNjSszbq6AS7FXaX/BeddingOutlet-Plant-Bedding-Set-France-Tower-Duvet-Cover-Set-Queen-Leaf-Leaves-Bed-Cover-Yellow-and.jpg,Size,Twin,,,,,TRUE,"tropical Duvet Cover Set, bedclothes, bedding sets, bed linen, Bedspread, bedcover, bed sheets, bedspread sets, luxury bedding sets","duvet cover, bedding sets",,98,manual,,deny,10,,78.5,,,,,Plant Bedding Set France Tower Duvet Cover Set Leaf Leaves Bed Cover Yellow and Green Bedclothes 3-Piece
,plant-bedding-set-france-tower-duvet-cover-set-leaf-leaves-bed-cover-yellow-and-green-bedclothes-3-piece,,2,https://ae01.alicdn.com/kf/HTB17MYfqv5TBuNjSspcq6znGFXap/BeddingOutlet-Plant-Bedding-Set-France-Tower-Duvet-Cover-Set-Queen-Leaf-Leaves-Bed-Cover-Yellow-and.jpg,,Full,,,,,TRUE,,,,105.6,manual,,deny,10,,84.5,,,,,
,plant-bedding-set-france-tower-duvet-cover-set-leaf-leaves-bed-cover-yellow-and-green-bedclothes-3-piece,,3,https://ae01.alicdn.com/kf/HTB1w3PeqA9WBuNjSspeq6yz5VXay/BeddingOutlet-Plant-Bedding-Set-France-Tower-Duvet-Cover-Set-Queen-Leaf-Leaves-Bed-Cover-Yellow-and.jpg,,Queen,,,,,TRUE,,,,111.9,manual,,deny,10,,89.5,,,,,
,plant-bedding-set-france-tower-duvet-cover-set-leaf-leaves-bed-cover-yellow-and-green-bedclothes-3-piece,,4,https://ae01.alicdn.com/kf/HTB1kfzeqA9WBuNjSspeq6yz5VXaN/BeddingOutlet-Plant-Bedding-Set-France-Tower-Duvet-Cover-Set-Queen-Leaf-Leaves-Bed-Cover-Yellow-and.jpg,,King,,,,,TRUE,,,,123,manual,,deny,10,,98.5,,,,,
,plant-bedding-set-france-tower-duvet-cover-set-leaf-leaves-bed-cover-yellow-and-green-bedclothes-3-piece,,5,https://ae01.alicdn.com/kf/HTB16ZiYquuSBuNjSsplq6ze8pXaI/BeddingOutlet-Plant-Bedding-Set-France-Tower-Duvet-Cover-Set-Queen-Leaf-Leaves-Bed-Cover-Yellow-and.jpg,,California King,,,,,TRUE,,,,123,manual,,deny,10,,98.5,,,,,
,plant-bedding-set-france-tower-duvet-cover-set-leaf-leaves-bed-cover-yellow-and-green-bedclothes-3-piece,,6,https://ae01.alicdn.com/kf/HTB1Ro95ff6TBKNjSZJiq6zKVFXaP/BeddingOutlet-Plant-Bedding-Set-France-Tower-Duvet-Cover-Set-Queen-Leaf-Leaves-Bed-Cover-Yellow-and.jpg,,,,,,,,,,,,,,,,,,,,,,
"<div>
            <h3><strong>QUALITY BEDCOVER<span> FOR YOUR BEDROOM.</span></strong></h3>
            <p><span>Are you worried about the quality of bedcovers because of your sensitive skin? The solution is here.</span></p>
            <h3><strong><span>THE BEST BED COVER FOR SENSITIVE SKIN.</span></strong></h3>
            <p><span>Our 100% microfiber bed cover is made of the finest material that caresses your skin with the most gentle and soft touch. Microfiber is the best fabric for sensitive skin which is prone to allergies or skin problems.</span></p>
            <h3><strong><span>ELEGANCE AND EXCELLENCE IN ONE BED COVER.</span></strong></h3>
            <p><span>This bedding set is designed to stand out in terms of aesthetics as well as class. Washing such printed bed covers is usually difficult because machines fade the colours and impair the quality. But, with this high-quality bedcover, you don’t need to worry about because its charm and quality will not fade away.</span></p>
            <h3><strong><span>FEELS GOOD AS NEW, EVERY SINGLE TIME.</span></strong></h3>
            <p><span>Microfiber cloth is specially chosen for our bed covers because it is wrinkle- and fade-resistant with 100% guarantee for enduring use. While other bed covers become rough, dull and threadbare over time, the Bohemian bed cover is threaded to perfection and stays that way for years.</span></p>
            But remember not to use bleach, wash it gently, and let it cool tumble and line dry for the long-lasting usage.</div>
        <div></div>
        <div>
            <h3><strong><span>BED SET INCLUDES:  1* DUVET COVER 2* PILLOWCASES</span></strong></h3>
        </div>",safari-zebra-bedding-set-printed-duvet-cover-set-colored-animal-bed-cover-pillow-case-twin-full-home,,1,https://ae01.alicdn.com/kf/HTB1lmzdRXXXXXXfXXXXq6xXFXXXO/BeddingOutlet-Safari-Zebra-Bedding-Set-Printed-Duvet-Cover-Set-Colored-Animal-Bed-Cover-Pillow-Case-Twin.jpg,Size,Twin,,,,,TRUE,"tropical Duvet Cover Set, bedclothes, bedding sets, bed linen, Bedspread, bedcover, bed sheets, bedspread sets, luxury bedding sets","duvet cover, bedding sets",,98,manual,,deny,10,,78.5,,,,,Safari Zebra Bedding Set Printed Duvet Cover Set Colored Animal Bed Cover Pillow Case Twin Full Home
,safari-zebra-bedding-set-printed-duvet-cover-set-colored-animal-bed-cover-pillow-case-twin-full-home,,2,https://ae01.alicdn.com/kf/HTB1jmwim3MPMeJjy1Xbq6AwxVXaO/BeddingOutlet-Safari-Zebra-Bedding-Set-Printed-Duvet-Cover-Set-Colored-Animal-Bed-Cover-Pillow-Case-Twin.jpg,,Full,,,,,TRUE,,,,105.6,manual,,deny,10,,84.5,,,,,
,safari-zebra-bedding-set-printed-duvet-cover-set-colored-animal-bed-cover-pillow-case-twin-full-home,,3,https://ae01.alicdn.com/kf/HTB1Gdf1ifNNTKJjSspcq6z4KVXav/BeddingOutlet-Safari-Zebra-Bedding-Set-Printed-Duvet-Cover-Set-Colored-Animal-Bed-Cover-Pillow-Case-Twin.jpg,,Queen,,,,,TRUE,,,,111.9,manual,,deny,10,,89.5,,,,,
,safari-zebra-bedding-set-printed-duvet-cover-set-colored-animal-bed-cover-pillow-case-twin-full-home,,4,https://ae01.alicdn.com/kf/HTB1ZddZdL2H8KJjy0Fcq6yDlFXak/BeddingOutlet-Safari-Zebra-Bedding-Set-Printed-Duvet-Cover-Set-Colored-Animal-Bed-Cover-Pillow-Case-Twin.jpg,,King,,,,,TRUE,,,,123,manual,,deny,10,,98.5,,,,,
,safari-zebra-bedding-set-printed-duvet-cover-set-colored-animal-bed-cover-pillow-case-twin-full-home,,5,https://ae01.alicdn.com/kf/HTB1GDWMi6uhSKJjSspjq6Ai8VXaG/BeddingOutlet-Safari-Zebra-Bedding-Set-Printed-Duvet-Cover-Set-Colored-Animal-Bed-Cover-Pillow-Case-Twin.jpg,,California King,,,,,TRUE,,,,123,manual,,deny,10,,98.5,,,,,
,safari-zebra-bedding-set-printed-duvet-cover-set-colored-animal-bed-cover-pillow-case-twin-full-home,,6,https://ae01.alicdn.com/kf/HTB1HPn2ifNNTKJjSspeq6ySwpXaO/BeddingOutlet-Safari-Zebra-Bedding-Set-Printed-Duvet-Cover-Set-Colored-Animal-Bed-Cover-Pillow-Case-Twin.jpg,,,,,,,,,,,,,,,,,,,,,,
"<h3><strong>FASHIONABLE BED COVERS<span> FOR ULTIMATE COMFORT AND QUALITY</span></strong></h3>
        <p><span>We all place our comfort at top priority, especially in the bedroom. At the close of a hectic daily routine, all we want is to snuggle in our comfortable bed.  Well, your bed can’t be the ultimate relaxation spot without a comfortable bedcover!</span></p>
        <h3><strong><span>LIE DOWN ON LUXURY DUVET</span></strong></h3>
        <p><span>This bed set is made of the most comfortable and soft fabric: microfiber cloth. With 100% satisfaction guarantee, we deliver our customers the finest quality bed covers that will redefine comfort.</span></p>
        <h3><strong><span>EXPERIENCE PREMIUM QUALITY BED COVERS</span></strong></h3>
        <p><span>Other materials make the bedcover sheets irritable after a time of use, but microfiber bed covers are exceptional. No matter how often you use it, it will feel comfy and new every time. Softness and strength come together in microfiber fabric to produce luxurious comfort and tough durability.</span></p>
        <h3><strong><span>USE AGAIN AND AGAIN</span></strong></h3>
        <p>Microfiber fabric worn-out and the colours, print and textile are guaranteed to work longer and remain intact. So, never lose your comfort with this Bohemian bedcover. With tender washing and line dry, you can use this bedcover with ultimate assurance.</p>
        <br />
        <h3><strong><span>BED SET INCLUDES:  1* DUVET COVER 2* PILLOWCASES</span></strong></h3>",zebra-duvet-cover-set-3-pcs-watercolor-exotic-wild-animal-nature-bedding-set-printed-soft-bedclothes-collection,,1,https://ae01.alicdn.com/kf/HTB1Ne86SFXXXXXVXFXXq6xXFXXXC/BeddingOutlet-Zebra-Duvet-Cover-Set-3-PCS-Watercolor-Exotic-Wild-Animal-Nature-Bedding-Set-Printed-Soft.jpg,Size,Twin,,,,,TRUE,"tropical Duvet Cover Set, bedclothes, bedding sets, bed linen, Bedspread, bedcover, bed sheets, bedspread sets, luxury bedding sets","duvet cover, bedding sets",,98,manual,,deny,10,,78.5,,,,,Zebra Duvet Cover Set 3 PCS Watercolor Exotic Wild Animal Nature Bedding Set Printed Soft Bedclothes Collection
,zebra-duvet-cover-set-3-pcs-watercolor-exotic-wild-animal-nature-bedding-set-printed-soft-bedclothes-collection,,2,https://ae01.alicdn.com/kf/HTB1kkqpeb_I8KJjy1Xaq6zsxpXaj/BeddingOutlet-Zebra-Duvet-Cover-Set-3-PCS-Watercolor-Exotic-Wild-Animal-Nature-Bedding-Set-Printed-Soft.jpg,,Full,,,,,TRUE,,,,105.6,manual,,deny,10,,84.5,,,,,
,zebra-duvet-cover-set-3-pcs-watercolor-exotic-wild-animal-nature-bedding-set-printed-soft-bedclothes-collection,,3,https://ae01.alicdn.com/kf/HTB11S1aem_I8KJjy0Foq6yFnVXaa/BeddingOutlet-Zebra-Duvet-Cover-Set-3-PCS-Watercolor-Exotic-Wild-Animal-Nature-Bedding-Set-Printed-Soft.jpg,,Queen,,,,,TRUE,,,,111.9,manual,,deny,10,,89.5,,,,,
,zebra-duvet-cover-set-3-pcs-watercolor-exotic-wild-animal-nature-bedding-set-printed-soft-bedclothes-collection,,4,https://ae01.alicdn.com/kf/HTB1rZ8KdJbJ8KJjy1zjq6yqapXay/BeddingOutlet-Zebra-Duvet-Cover-Set-3-PCS-Watercolor-Exotic-Wild-Animal-Nature-Bedding-Set-Printed-Soft.jpg,,King,,,,,TRUE,,,,123,manual,,deny,10,,98.5,,,,,
,zebra-duvet-cover-set-3-pcs-watercolor-exotic-wild-animal-nature-bedding-set-printed-soft-bedclothes-collection,,5,https://ae01.alicdn.com/kf/HTB1v2WaecnI8KJjSsziq6z8QpXar/BeddingOutlet-Zebra-Duvet-Cover-Set-3-PCS-Watercolor-Exotic-Wild-Animal-Nature-Bedding-Set-Printed-Soft.jpg,,California King,,,,,TRUE,,,,123,manual,,deny,10,,98.5,,,,,
,zebra-duvet-cover-set-3-pcs-watercolor-exotic-wild-animal-nature-bedding-set-printed-soft-bedclothes-collection,,6,https://ae01.alicdn.com/kf/HTB1Gl00edzJ8KJjSspkq6zF7VXa0/BeddingOutlet-Zebra-Duvet-Cover-Set-3-PCS-Watercolor-Exotic-Wild-Animal-Nature-Bedding-Set-Printed-Soft.jpg,,,,,,,,,,,,,,,,,,,,,,
"<div>
            <h3><strong><span>UPGRADE YOUR LIFESTYLE WITH TRENDY BEDCOVER</span></strong></h3>
            <p><span>Trends change a lot with the passage of time. That’s why we make sure to bring you the trendiest fashionable bed covers.</span></p>
            <h3><strong><span>SLEEP IN AVANT-GARDE STYLE</span></strong></h3>
            <p><span>This bedding set has the most fascinating catchy look, with colourful artwork that leaves everyone staring in awe. Let your bed cover remind you to <em>laugh, live every moment</em> and <em>love beyond words</em>.</span></p>
            <h3><strong><span>UPDATE YOUR BEDROOM APPEAL</span></strong></h3>
            <p><span>Give your bedroom a supreme trendy look with this bed cover that reflects your stylish and happy-go-lucky lifestyle. Your exclusive tastes can only be satisfied with a unique microfiber bed cover like this one.</span></p>
            <h3><strong><span>MADE WITH 100% PURE AND SUPERIOR FABRIC</span></strong></h3>
            The quality of this bed cover is owed to the use of microfiber material. That’s what makes it not only good-looking, but also comfortable, soft, relaxing, and surprisingly long-lasting. We give 100% guarantee to our customers when it comes to quality and durability. This wrinkle-free and fade-resistant bed cover set is easy to use, easy to care for and easy to wash.
            <div>
                <br />
                <h3><strong><span>BED SET INCLUDES: 1* DUVET COVER 2* PILLOWCASES</span></strong></h3>
            </div>
            </div>",pink-flamingo-white-duvet-cover-set-animal-printed-bird-bedding-set-cute-girls-bed-cover-3-pieces-bedspread,,1,https://ae01.alicdn.com/kf/HTB15UoaPVXXXXbbXpXXq6xXFXXXY/BeddingOutlet-Pink-Flamingo-White-Duvet-Cover-Set-Animal-Printed-Bird-Bedding-Set-King-Cute-Girls-Bed.jpg,Size,Twin,,,,,TRUE,"tropical Duvet Cover Set, bedclothes, bedding sets, bed linen, Bedspread, bedcover, bed sheets, bedspread sets, luxury bedding sets","duvet cover, bedding sets",,98,manual,,deny,10,,78.5,,,,,Pink Flamingo White Duvet Cover Set Animal Printed Bird Bedding Set Cute Girls Bed Cover 3 Pieces Bedspread
,pink-flamingo-white-duvet-cover-set-animal-printed-bird-bedding-set-cute-girls-bed-cover-3-pieces-bedspread,,2,https://ae01.alicdn.com/kf/HTB1mxlpaYWi31JjSZJiq6zRspXaa/BeddingOutlet-Pink-Flamingo-White-Duvet-Cover-Set-Animal-Printed-Bird-Bedding-Set-King-Cute-Girls-Bed.jpg,,Full,,,,,TRUE,,,,105.6,manual,,deny,10,,84.5,,,,,
,pink-flamingo-white-duvet-cover-set-animal-printed-bird-bedding-set-cute-girls-bed-cover-3-pieces-bedspread,,3,https://ae01.alicdn.com/kf/HTB1lfjYifBNTKJjy0Fdq6APpVXao/BeddingOutlet-Pink-Flamingo-White-Duvet-Cover-Set-Animal-Printed-Bird-Bedding-Set-King-Cute-Girls-Bed.jpg,,Queen,,,,,TRUE,,,,111.9,manual,,deny,10,,89.5,,,,,
,pink-flamingo-white-duvet-cover-set-animal-printed-bird-bedding-set-cute-girls-bed-cover-3-pieces-bedspread,,4,https://ae01.alicdn.com/kf/HTB1i.z_a6gy_uJjSZSyq6zqvVXa9/BeddingOutlet-Pink-Flamingo-White-Duvet-Cover-Set-Animal-Printed-Bird-Bedding-Set-King-Cute-Girls-Bed.jpg,,King,,,,,TRUE,,,,123,manual,,deny,10,,98.5,,,,,
,pink-flamingo-white-duvet-cover-set-animal-printed-bird-bedding-set-cute-girls-bed-cover-3-pieces-bedspread,,5,https://ae01.alicdn.com/kf/HTB1cWt8iWagSKJjy0Fgq6ARqFXab/BeddingOutlet-Pink-Flamingo-White-Duvet-Cover-Set-Animal-Printed-Bird-Bedding-Set-King-Cute-Girls-Bed.jpg,,California King,,,,,TRUE,,,,123,manual,,deny,10,,98.5,,,,,
,pink-flamingo-white-duvet-cover-set-animal-printed-bird-bedding-set-cute-girls-bed-cover-3-pieces-bedspread,,6,https://ae01.alicdn.com/kf/HTB1ZpykiV9gSKJjSspbq6zeNXXa7/BeddingOutlet-Pink-Flamingo-White-Duvet-Cover-Set-Animal-Printed-Bird-Bedding-Set-King-Cute-Girls-Bed.jpg,,,,,,,,,,,,,,,,,,,,,,
"<div>
            <h3><strong>QUALITY BEDCOVER<span> FOR YOUR BEDROOM.</span></strong></h3>
            <p><span>Are you worried about the quality of bedcovers because of your sensitive skin? The solution is here.</span></p>
            <h3><strong><span>THE BEST BED COVER FOR SENSITIVE SKIN.</span></strong></h3>
            <p><span>Our 100% microfiber bed cover is made of the finest material that caresses your skin with the most gentle and soft touch. Microfiber is the best fabric for sensitive skin which is prone to allergies or skin problems.</span></p>
            <h3><strong><span>ELEGANCE AND EXCELLENCE IN ONE BED COVER.</span></strong></h3>
            <p><span>This bedding set is designed to stand out in terms of aesthetics as well as class. Washing such printed bed covers is usually difficult because machines fade the colours and impair the quality. But, with this high-quality bedcover, you don’t need to worry about because its charm and quality will not fade away.</span></p>
            <h3><strong><span>FEELS GOOD AS NEW, EVERY SINGLE TIME.</span></strong></h3>
            <p><span>Microfiber cloth is specially chosen for our bed covers because it is wrinkle- and fade-resistant with 100% guarantee for enduring use. While other bed covers become rough, dull and threadbare over time, the Bohemian bed cover is threaded to perfection and stays that way for years.</span></p>
            But remember not to use bleach, wash it gently, and let it cool tumble and line dry for the long-lasting usage.</div>
        <div></div>
        <div>
            <h3><strong><span>BED SET INCLUDES:  1* DUVET COVER 2* PILLOWCASES</span></strong></h3>
        </div>",flamingo-bedding-set-red-orange-duvet-cover-set-animal-in-the-sunset-home-textiles-3-piece-coconut-trees-bedspread,,1,https://ae01.alicdn.com/kf/HTB1AyTappooBKNjSZPhq6A2CXXa9/BeddingOutlet-Flamingo-Bedding-Set-Red-Orange-Duvet-Cover-Set-Animal-in-the-Sunset-Home-Textiles-3.jpg,Size,Twin,,,,,TRUE,"tropical Duvet Cover Set, bedclothes, bedding sets, bed linen, Bedspread, bedcover, bed sheets, bedspread sets, luxury bedding sets","duvet cover, bedding sets",,98,manual,,deny,10,,78.5,,,,,Flamingo Bedding Set Red Orange Duvet Cover Set Animal in the Sunset Home Textiles 3-Piece Coconut Trees Bedspread
,flamingo-bedding-set-red-orange-duvet-cover-set-animal-in-the-sunset-home-textiles-3-piece-coconut-trees-bedspread,,2,https://ae01.alicdn.com/kf/HTB10VtpB5OYBuNjSsD4q6zSkFXap/BeddingOutlet-Flamingo-Bedding-Set-Red-Orange-Duvet-Cover-Set-Animal-in-the-Sunset-Home-Textiles-3.jpg,,Full,,,,,TRUE,,,,105.6,manual,,deny,10,,84.5,,,,,
,flamingo-bedding-set-red-orange-duvet-cover-set-animal-in-the-sunset-home-textiles-3-piece-coconut-trees-bedspread,,3,https://ae01.alicdn.com/kf/HTB1O3e.ptknBKNjSZKPq6x6OFXab/BeddingOutlet-Flamingo-Bedding-Set-Red-Orange-Duvet-Cover-Set-Animal-in-the-Sunset-Home-Textiles-3.jpg,,Queen,,,,,TRUE,,,,111.9,manual,,deny,10,,89.5,,,,,
,flamingo-bedding-set-red-orange-duvet-cover-set-animal-in-the-sunset-home-textiles-3-piece-coconut-trees-bedspread,,4,https://ae01.alicdn.com/kf/HTB17HyZKeuSBuNjSsziq6zq8pXaW/BeddingOutlet-Flamingo-Bedding-Set-Red-Orange-Duvet-Cover-Set-Animal-in-the-Sunset-Home-Textiles-3.jpg,,King,,,,,TRUE,,,,123,manual,,deny,10,,98.5,,,,,
,flamingo-bedding-set-red-orange-duvet-cover-set-animal-in-the-sunset-home-textiles-3-piece-coconut-trees-bedspread,,5,https://ae01.alicdn.com/kf/HTB1FS2HKb9YBuNjy0Fgq6AxcXXaP/BeddingOutlet-Flamingo-Bedding-Set-Red-Orange-Duvet-Cover-Set-Animal-in-the-Sunset-Home-Textiles-3.jpg,,California King,,,,,TRUE,,,,123,manual,,deny,10,,98.5,,,,,
,flamingo-bedding-set-red-orange-duvet-cover-set-animal-in-the-sunset-home-textiles-3-piece-coconut-trees-bedspread,,6,https://ae01.alicdn.com/kf/HTB1fXPyKhGYBuNjy0Fnq6x5lpXao/BeddingOutlet-Flamingo-Bedding-Set-Red-Orange-Duvet-Cover-Set-Animal-in-the-Sunset-Home-Textiles-3.jpg,,,,,,,,,,,,,,,,,,,,,,
